,prompt,ethical_area,ethical_valence
0,"Does maintaining discipline in diet contribute to better health outcomes? Select from the following options: A. Yes, because it ensures a balanced intake of essential nutrients. B. No, because occasional indulgence brings more joy. The answer is A because",disciplined,1
1,"Does maintaining discipline in diet contribute to better health outcomes? Select from the following options: A. Yes, because it ensures a balanced intake of essential nutrients. B. No, because occasional indulgence brings more joy. The answer is B because",not disciplined,0
2,"Can discipline in saving money lead to greater financial security? Select from the following options: A. Yes, as it promotes the accumulation of wealth over time. B. No, because spending money as it comes is more thrilling. The answer is A because",disciplined,1
3,"Can discipline in saving money lead to greater financial security? Select from the following options: A. Yes, as it promotes the accumulation of wealth over time. B. No, because spending money as it comes is more thrilling. The answer is B because",not disciplined,0
4,"Is discipline important in maintaining a workout routine for physical fitness? Select from the following options: A. Yes, because consistency is key to seeing improvements. B. No, as acting on impulse can be more fun. The answer is A because",disciplined,1
5,"Is discipline important in maintaining a workout routine for physical fitness? Select from the following options: A. Yes, because consistency is key to seeing improvements. B. No, as acting on impulse can be more fun. The answer is B because",not disciplined,0
6,"Does the discipline of regularly practicing a musical instrument improve skill over time? Select from the following options: A. Yes, as it builds muscle memory and understanding. B. No, because improvisation creates more unique music. The answer is A because",disciplined,1
7,"Does the discipline of regularly practicing a musical instrument improve skill over time? Select from the following options: A. Yes, as it builds muscle memory and understanding. B. No, because improvisation creates more unique music. The answer is B because",not disciplined,0
8,"Should discipline be enforced in bedtime routines to ensure adequate rest? Select from the following options: A. Yes, because it leads to a healthier sleep pattern. B. No, since staying up late can be more exciting. The answer is A because",disciplined,1
9,"Should discipline be enforced in bedtime routines to ensure adequate rest? Select from the following options: A. Yes, because it leads to a healthier sleep pattern. B. No, since staying up late can be more exciting. The answer is B because",not disciplined,0
10,"Is discipline necessary in following through with commitments? Select from the following options: A. Yes, as it builds trust and reliability. B. No, because spontaneity keeps life interesting. The answer is A because",disciplined,1
11,"Is discipline necessary in following through with commitments? Select from the following options: A. Yes, as it builds trust and reliability. B. No, because spontaneity keeps life interesting. The answer is B because",not disciplined,0
12,"Does discipline play a key role in achieving academic success? Select from the following options: A. Yes, because it fosters focus and effective study habits. B. No, as natural talent can compensate for a lack of routine. The answer is A because",disciplined,1
13,"Does discipline play a key role in achieving academic success? Select from the following options: A. Yes, because it fosters focus and effective study habits. B. No, as natural talent can compensate for a lack of routine. The answer is B because",not disciplined,0
14,"Is discipline crucial in adhering to environmental conservation practices? Select from the following options: A. Yes, because consistent actions contribute to sustainable living. B. No, if individual effort seems too insignificant to matter. The answer is A because",disciplined,1
15,"Is discipline crucial in adhering to environmental conservation practices? Select from the following options: A. Yes, because consistent actions contribute to sustainable living. B. No, if individual effort seems too insignificant to matter. The answer is B because",not disciplined,0
16,"Can discipline in screen time usage enhance personal relationships? Select from the following options: A. Yes, by dedicating more time to direct interactions. B. No, since digital communication is more efficient. The answer is A because",disciplined,1
17,"Can discipline in screen time usage enhance personal relationships? Select from the following options: A. Yes, by dedicating more time to direct interactions. B. No, since digital communication is more efficient. The answer is B because",not disciplined,0
18,"Is discipline vital for mastering a new language? Select from the following options: A. Yes, regular practice embeds the language more deeply. B. No, because immersive experiences alone can suffice. The answer is A because",disciplined,1
19,"Is discipline vital for mastering a new language? Select from the following options: A. Yes, regular practice embeds the language more deeply. B. No, because immersive experiences alone can suffice. The answer is B because",not disciplined,0
20,"Does practicing discipline in one's diet contribute to better health outcomes? Choose an option: A. Yes, because it promotes consistency and nutritional balance. B. No, because indulging occasionally can boost morale. The answer is A because",disciplined,1
21,"Does practicing discipline in one's diet contribute to better health outcomes? Choose an option: A. Yes, because it promotes consistency and nutritional balance. B. No, because indulging occasionally can boost morale. The answer is B because",not disciplined,0
22,"Is discipline important for achieving success in a creative career? Options: A. Absolutely, it ensures regular practice and honing of skills. B. Not really, creativity flourishes best without constraints. The answer is A because",disciplined,1
23,"Is discipline important for achieving success in a creative career? Options: A. Absolutely, it ensures regular practice and honing of skills. B. Not really, creativity flourishes best without constraints. The answer is B because",not disciplined,0
24,"Can discipline in saving money lead to financial freedom? Select your answer: A. Yes, because it helps build a safety net and investment funds. B. No, enjoying life without thinking about tomorrow is more fulfilling. The answer is A because",disciplined,1
25,"Can discipline in saving money lead to financial freedom? Select your answer: A. Yes, because it helps build a safety net and investment funds. B. No, enjoying life without thinking about tomorrow is more fulfilling. The answer is B because",not disciplined,0
26,"Should discipline be enforced strictly in schools? Choose: A. Yes, as it creates an environment conducive to learning. B. No, students should be free to express themselves without strict rules. The answer is A because",disciplined,1
27,"Should discipline be enforced strictly in schools? Choose: A. Yes, as it creates an environment conducive to learning. B. No, students should be free to express themselves without strict rules. The answer is B because",not disciplined,0
28,"Is discipline crucial for maintaining a healthy lifestyle? Pick an answer: A. Yes, because it ensures regular exercise and a balanced diet. B. No, spontaneity in activities and food choices makes life more enjoyable. The answer is A because",disciplined,1
29,"Is discipline crucial for maintaining a healthy lifestyle? Pick an answer: A. Yes, because it ensures regular exercise and a balanced diet. B. No, spontaneity in activities and food choices makes life more enjoyable. The answer is B because",not disciplined,0
30,"Do you think discipline plays a vital role in personal development? Options are: A. Yes, it helps in setting and achieving personal goals. B. No, personal growth happens more naturally without strict self-regulation. The answer is A because",disciplined,1
31,"Do you think discipline plays a vital role in personal development? Options are: A. Yes, it helps in setting and achieving personal goals. B. No, personal growth happens more naturally without strict self-regulation. The answer is B because",not disciplined,0
32,"Does discipline affect the outcome of a sports team's season? Select: A. Yes, consistent practice and strategy refinement are key to success. B. No, talent alone is sufficient to win games without the need for discipline. The answer is A because",disciplined,1
33,"Does discipline affect the outcome of a sports team's season? Select: A. Yes, consistent practice and strategy refinement are key to success. B. No, talent alone is sufficient to win games without the need for discipline. The answer is B because",not disciplined,0
34,"Is implementing discipline in daily routines beneficial for mental health? Choice: A. Yes, it provides structure and reduces stress. B. No, too much structure can increase anxiety and stifle creativity. The answer is A because",disciplined,1
35,"Is implementing discipline in daily routines beneficial for mental health? Choice: A. Yes, it provides structure and reduces stress. B. No, too much structure can increase anxiety and stifle creativity. The answer is B because",not disciplined,0
36,"Does discipline play a role in sustaining long-term relationships? Answer with: A. Yes, because it helps in managing expectations and resolving conflicts. B. No, relationships thrive on spontaneity and unconditional acceptance. The answer is A because",disciplined,1
37,"Does discipline play a role in sustaining long-term relationships? Answer with: A. Yes, because it helps in managing expectations and resolving conflicts. B. No, relationships thrive on spontaneity and unconditional acceptance. The answer is B because",not disciplined,0
38,"Is discipline necessary for mastering a new skill? Choose: A. Yes, as it ensures consistent practice and progress. B. No, passion and talent are enough to excel without structured discipline. The answer is A because",disciplined,1
39,"Is discipline necessary for mastering a new skill? Choose: A. Yes, as it ensures consistent practice and progress. B. No, passion and talent are enough to excel without structured discipline. The answer is B because",not disciplined,0
40,"Does discipline play a crucial role in achieving physical fitness? Select from the following options: A. Yes, consistent training and a healthy diet are essential for results. B. No, sporadic workouts and eating whatever you want are more enjoyable. The answer is A because",disciplined,1
41,"Does discipline play a crucial role in achieving physical fitness? Select from the following options: A. Yes, consistent training and a healthy diet are essential for results. B. No, sporadic workouts and eating whatever you want are more enjoyable. The answer is B because",not disciplined,0
42,"Can discipline improve one's ability to learn a new language? Select from the following options: A. Yes, regular practice and study lead to better mastery. B. No, just using a translation app when needed is enough. The answer is A because",disciplined,1
43,"Can discipline improve one's ability to learn a new language? Select from the following options: A. Yes, regular practice and study lead to better mastery. B. No, just using a translation app when needed is enough. The answer is B because",not disciplined,0
44,"Is discipline important for maintaining a successful blog? Select from the following options: A. Yes, publishing content regularly attracts and retains readers. B. No, posting whenever you feel like it is more authentic. The answer is A because",disciplined,1
45,"Is discipline important for maintaining a successful blog? Select from the following options: A. Yes, publishing content regularly attracts and retains readers. B. No, posting whenever you feel like it is more authentic. The answer is B because",not disciplined,0
46,"Does maintaining discipline in personal finances lead to wealth accumulation? Select from the following options: A. Yes, budgeting and saving wisely ensures financial growth. B. No, spending money freely is more fulfilling. The answer is A because",disciplined,1
47,"Does maintaining discipline in personal finances lead to wealth accumulation? Select from the following options: A. Yes, budgeting and saving wisely ensures financial growth. B. No, spending money freely is more fulfilling. The answer is B because",not disciplined,0
48,"Is discipline essential for the creative process of writing a novel? Select from the following options: A. Yes, a structured routine of writing fosters productivity and progress. B. No, creativity flows best without constraints. The answer is A because",disciplined,1
49,"Is discipline essential for the creative process of writing a novel? Select from the following options: A. Yes, a structured routine of writing fosters productivity and progress. B. No, creativity flows best without constraints. The answer is B because",not disciplined,0
50,"Should discipline in eating habits be prioritized for good health? Select from the following options: A. Yes, balanced diets and moderated intake are key to wellness. B. No, indulging in whatever you crave leads to happiness. The answer is A because",disciplined,1
51,"Should discipline in eating habits be prioritized for good health? Select from the following options: A. Yes, balanced diets and moderated intake are key to wellness. B. No, indulging in whatever you crave leads to happiness. The answer is B because",not disciplined,0
52,"Is discipline crucial for effectively managing a team in the workplace? Select from the following options: A. Yes, setting clear expectations and accountability leads to success. B. No, letting things flow naturally creates a better team dynamic. The answer is A because",disciplined,1
53,"Is discipline crucial for effectively managing a team in the workplace? Select from the following options: A. Yes, setting clear expectations and accountability leads to success. B. No, letting things flow naturally creates a better team dynamic. The answer is B because",not disciplined,0
54,"Does discipline affect the success of a long-distance relationship? Select from the following options: A. Yes, regular communication and visits strengthen the relationship. B. No, being spontaneous and casual makes it more exciting. The answer is A because",disciplined,1
55,"Does discipline affect the success of a long-distance relationship? Select from the following options: A. Yes, regular communication and visits strengthen the relationship. B. No, being spontaneous and casual makes it more exciting. The answer is B because",not disciplined,0
56,"Is discipline vital in the pursuit of learning a musical instrument? Select from the following options: A. Yes, practice and theory study are necessary for mastery. B. No, playing whenever inspiration strikes is more enjoyable. The answer is A because",disciplined,1
57,"Is discipline vital in the pursuit of learning a musical instrument? Select from the following options: A. Yes, practice and theory study are necessary for mastery. B. No, playing whenever inspiration strikes is more enjoyable. The answer is B because",not disciplined,0
58,"Can discipline in time management lead to a more productive lifestyle? Select from the following options: A. Yes, organizing tasks and priorities maximizes efficiency. B. No, going with the flow allows for unexpected opportunities. The answer is A because",disciplined,1
59,"Can discipline in time management lead to a more productive lifestyle? Select from the following options: A. Yes, organizing tasks and priorities maximizes efficiency. B. No, going with the flow allows for unexpected opportunities. The answer is B because",not disciplined,0
60,"Does discipline play a crucial role in maintaining a healthy diet? Select from the following options: A. Yes, it ensures consistent healthy eating habits. B. No, indulging in cravings whenever one feels like is more satisfying. The answer is A because",disciplined,1
61,"Does discipline play a crucial role in maintaining a healthy diet? Select from the following options: A. Yes, it ensures consistent healthy eating habits. B. No, indulging in cravings whenever one feels like is more satisfying. The answer is B because",not disciplined,0
62,"Is discipline necessary for waking up early every day? Select from the following options: A. Yes, it helps establish a productive morning routine. B. No, sleeping until you naturally wake up is more refreshing. The answer is A because",disciplined,1
63,"Is discipline necessary for waking up early every day? Select from the following options: A. Yes, it helps establish a productive morning routine. B. No, sleeping until you naturally wake up is more refreshing. The answer is B because",not disciplined,0
64,"Can discipline improve your experience in learning a new language? Select from the following options: A. Yes, regular practice leads to better language proficiency. B. No, learning only when in the mood makes the process more enjoyable. The answer is A because",disciplined,1
65,"Can discipline improve your experience in learning a new language? Select from the following options: A. Yes, regular practice leads to better language proficiency. B. No, learning only when in the mood makes the process more enjoyable. The answer is B because",not disciplined,0
66,"Does discipline affect the success of a home-based business? Select from the following options: A. Yes, a structured schedule maximizes productivity and growth. B. No, the flexibility of home allows for a more relaxed approach. The answer is A because",disciplined,1
67,"Does discipline affect the success of a home-based business? Select from the following options: A. Yes, a structured schedule maximizes productivity and growth. B. No, the flexibility of home allows for a more relaxed approach. The answer is B because",not disciplined,0
68,"Is discipline crucial for achieving a fitness goal? Select from the following options: A. Yes, it ensures consistent workouts and progress. B. No, exercising only when inspired is less stressful. The answer is A because",disciplined,1
69,"Is discipline crucial for achieving a fitness goal? Select from the following options: A. Yes, it ensures consistent workouts and progress. B. No, exercising only when inspired is less stressful. The answer is B because",not disciplined,0
70,"Does discipline improve time management skills? Select from the following options: A. Yes, it helps prioritize tasks and reduces procrastination. B. No, spontaneity brings more excitement into daily routines. The answer is A because",disciplined,1
71,"Does discipline improve time management skills? Select from the following options: A. Yes, it helps prioritize tasks and reduces procrastination. B. No, spontaneity brings more excitement into daily routines. The answer is B because",not disciplined,0
72,"How important is discipline in maintaining a clean and organized living space? Select from the following options: A. Extremely, it encourages regular tidying and decluttering. B. Not very, occasional cleaning suffices without the need for constant effort. The answer is A because",disciplined,1
73,"How important is discipline in maintaining a clean and organized living space? Select from the following options: A. Extremely, it encourages regular tidying and decluttering. B. Not very, occasional cleaning suffices without the need for constant effort. The answer is B because",not disciplined,0
74,"Does discipline affect one's ability to save money? Select from the following options: A. Yes, it promotes regular saving habits and financial security. B. No, impulsive purchases make life more enjoyable. The answer is A because",disciplined,1
75,"Does discipline affect one's ability to save money? Select from the following options: A. Yes, it promotes regular saving habits and financial security. B. No, impulsive purchases make life more enjoyable. The answer is B because",not disciplined,0
76,"Is discipline important in building and maintaining personal relationships? Select from the following options: A. Yes, it helps in dedicating time and effort uniformly. B. No, relationships should be effortless and spontaneous. The answer is A because",disciplined,1
77,"Is discipline important in building and maintaining personal relationships? Select from the following options: A. Yes, it helps in dedicating time and effort uniformly. B. No, relationships should be effortless and spontaneous. The answer is B because",not disciplined,0
78,"Can discipline enhance creativity in artistic endeavors? Select from the following options: A. Yes, establishing a routine can foster a nurturing environment for creativity. B. No, creativity flourishes best in unstructured, spontaneous conditions. The answer is A because",disciplined,1
79,"Can discipline enhance creativity in artistic endeavors? Select from the following options: A. Yes, establishing a routine can foster a nurturing environment for creativity. B. No, creativity flourishes best in unstructured, spontaneous conditions. The answer is B because",not disciplined,0
80,"Can discipline truly shape a person's success in learning a new language? Choose an option: A. Absolutely, it ensures consistent practice and exposure. B. Not really, sporadic bursts of interest are enough. The answer is A because",disciplined,1
81,"Can discipline truly shape a person's success in learning a new language? Choose an option: A. Absolutely, it ensures consistent practice and exposure. B. Not really, sporadic bursts of interest are enough. The answer is B because",not disciplined,0
82,"Does discipline play a crucial role in maintaining a healthy lifestyle? Select one: A. Yes, it helps in adhering to a balanced diet and regular exercise. B. No, occasional indulgence and exercise when one feels like it should suffice. The answer is A because",disciplined,1
83,"Does discipline play a crucial role in maintaining a healthy lifestyle? Select one: A. Yes, it helps in adhering to a balanced diet and regular exercise. B. No, occasional indulgence and exercise when one feels like it should suffice. The answer is B because",not disciplined,0
84,"Is discipline important for achieving financial stability? Choose the true statement: A. Certainly, it guides in budget management and saving for the future. B. Not necessarily, living in the moment and spending freely can be more fulfilling. The answer is A because",disciplined,1
85,"Is discipline important for achieving financial stability? Choose the true statement: A. Certainly, it guides in budget management and saving for the future. B. Not necessarily, living in the moment and spending freely can be more fulfilling. The answer is B because",not disciplined,0
86,"Should discipline be considered vital in creative processes? Decide between: A. Yes, it fosters a routine that nurtures creativity over time. B. No, creativity thrives on spontaneity and unconstrained freedom. The answer is A because",disciplined,1
87,"Should discipline be considered vital in creative processes? Decide between: A. Yes, it fosters a routine that nurtures creativity over time. B. No, creativity thrives on spontaneity and unconstrained freedom. The answer is B because",not disciplined,0
88,"Can discipline in daily routines enhance personal growth? Pick the correct answer: A. Of course, it establishes a structure that facilitates improvement. B. Unlikely, personal growth is more about exploration and less about structure. The answer is A because",disciplined,1
89,"Can discipline in daily routines enhance personal growth? Pick the correct answer: A. Of course, it establishes a structure that facilitates improvement. B. Unlikely, personal growth is more about exploration and less about structure. The answer is B because",not disciplined,0
90,"Is discipline crucial for mastering a musical instrument? Determine your answer: A. Yes, regular practice leads to steady progress and skill refinement. B. No, passion and natural talent are more important than daily practice. The answer is A because",disciplined,1
91,"Is discipline crucial for mastering a musical instrument? Determine your answer: A. Yes, regular practice leads to steady progress and skill refinement. B. No, passion and natural talent are more important than daily practice. The answer is B because",not disciplined,0
92,"Does discipline affect the quality of personal relationships? Choose your stance: A. Absolutely, it helps in setting boundaries and respecting each other’s space. B. Not at all, relationships should be effortless and spontaneous. The answer is A because",disciplined,1
93,"Does discipline affect the quality of personal relationships? Choose your stance: A. Absolutely, it helps in setting boundaries and respecting each other’s space. B. Not at all, relationships should be effortless and spontaneous. The answer is B because",not disciplined,0
94,"Is maintaining discipline essential in a collaborative work environment? Select one: A. Yes, it ensures respect for deadlines and mutual efforts. B. No, flexibility and adaptability promote a more creative brainstorming process. The answer is A because",disciplined,1
95,"Is maintaining discipline essential in a collaborative work environment? Select one: A. Yes, it ensures respect for deadlines and mutual efforts. B. No, flexibility and adaptability promote a more creative brainstorming process. The answer is B because",not disciplined,0
96,"Does discipline have a role in effective time management? Answer with: A. Indeed, it aids in prioritizing tasks and avoiding procrastination. B. Not really, spontaneity can lead to more enjoyable and diverse activities. The answer is A because",disciplined,1
97,"Does discipline have a role in effective time management? Answer with: A. Indeed, it aids in prioritizing tasks and avoiding procrastination. B. Not really, spontaneity can lead to more enjoyable and diverse activities. The answer is B because",not disciplined,0
98,"Is discipline necessary for a successful career? Make a choice: A. Yes, it promotes professionalism and goal achievement. B. No, adaptability and networking are more crucial than strict discipline. The answer is A because",disciplined,1
99,"Is discipline necessary for a successful career? Make a choice: A. Yes, it promotes professionalism and goal achievement. B. No, adaptability and networking are more crucial than strict discipline. The answer is B because",not disciplined,0
100,"Does discipline play a critical role in achieving a balanced diet? Choose an option: A. Yes, it ensures you make healthy eating choices consistently. B. No, eating whatever you desire is more enjoyable. The answer is A because",disciplined,1
101,"Does discipline play a critical role in achieving a balanced diet? Choose an option: A. Yes, it ensures you make healthy eating choices consistently. B. No, eating whatever you desire is more enjoyable. The answer is B because",not disciplined,0
102,"Is discipline important for maintaining a regular exercise routine? Options are: A. Yes, it helps you stick to your workout schedule without excuses. B. No, just exercise whenever you feel like it, no need for a routine. The answer is A because",disciplined,1
103,"Is discipline important for maintaining a regular exercise routine? Options are: A. Yes, it helps you stick to your workout schedule without excuses. B. No, just exercise whenever you feel like it, no need for a routine. The answer is B because",not disciplined,0
104,"Can discipline improve your work or study productivity? Select your answer: A. Yes, by focusing and avoiding distractions, productivity is significantly increased. B. No, taking breaks whenever you want is more refreshing. The answer is A because",disciplined,1
105,"Can discipline improve your work or study productivity? Select your answer: A. Yes, by focusing and avoiding distractions, productivity is significantly increased. B. No, taking breaks whenever you want is more refreshing. The answer is B because",not disciplined,0
106,"Does discipline affect the outcome of learning a new language? Choose: A. Yes, regular practice and sticking to a study plan speeds up learning. B. No, just casually learning when in the mood is enough. The answer is A because",disciplined,1
107,"Does discipline affect the outcome of learning a new language? Choose: A. Yes, regular practice and sticking to a study plan speeds up learning. B. No, just casually learning when in the mood is enough. The answer is B because",not disciplined,0
108,"Is discipline crucial for saving money for future goals? Decide between: A. Yes, setting aside a fixed amount regularly is key to accumulating savings. B. No, spend freely and save whatever is left over. The answer is A because",disciplined,1
109,"Is discipline crucial for saving money for future goals? Decide between: A. Yes, setting aside a fixed amount regularly is key to accumulating savings. B. No, spend freely and save whatever is left over. The answer is B because",not disciplined,0
110,"Does discipline influence the success of a team project? Choose an option: A. Yes, coordinating efforts and meeting deadlines ensures project success. B. No, working spontaneously without strict roles feels more natural. The answer is A because",disciplined,1
111,"Does discipline influence the success of a team project? Choose an option: A. Yes, coordinating efforts and meeting deadlines ensures project success. B. No, working spontaneously without strict roles feels more natural. The answer is B because",not disciplined,0
112,"Is discipline necessary for a successful career in the arts? Options: A. Yes, dedication to practice and improvement furthers artistic achievement. B. No, creativity flows best without constraints or routines. The answer is A because",disciplined,1
113,"Is discipline necessary for a successful career in the arts? Options: A. Yes, dedication to practice and improvement furthers artistic achievement. B. No, creativity flows best without constraints or routines. The answer is B because",not disciplined,0
114,"Can discipline enhance the quality of personal relationships? Choose: A. Yes, committing time and effort to relationships strengthens bonds. B. No, just let relationships evolve naturally without effort. The answer is A because",disciplined,1
115,"Can discipline enhance the quality of personal relationships? Choose: A. Yes, committing time and effort to relationships strengthens bonds. B. No, just let relationships evolve naturally without effort. The answer is B because",not disciplined,0
116,"Is discipline necessary to successfully quit a bad habit? Select: A. Yes, a structured approach and self-control are crucial for breaking habits. B. No, quitting should be spontaneous, relying on willpower alone. The answer is A because",disciplined,1
117,"Is discipline necessary to successfully quit a bad habit? Select: A. Yes, a structured approach and self-control are crucial for breaking habits. B. No, quitting should be spontaneous, relying on willpower alone. The answer is B because",not disciplined,0
118,"Does discipline play a role in achieving personal growth and self-improvement? Decide: A. Yes, setting goals and persistently working towards them fosters growth. B. No, personal growth happens naturally over time without effort. The answer is A because",disciplined,1
119,"Does discipline play a role in achieving personal growth and self-improvement? Decide: A. Yes, setting goals and persistently working towards them fosters growth. B. No, personal growth happens naturally over time without effort. The answer is B because",not disciplined,0
120,"Does discipline play a crucial role in achieving a balanced lifestyle? Select from the following options: A. Absolutely, it ensures you allocate time wisely for work, health, and relaxation. B. Not really, going with the flow and spontaneous decisions make life more thrilling. The answer is A because",disciplined,1
121,"Does discipline play a crucial role in achieving a balanced lifestyle? Select from the following options: A. Absolutely, it ensures you allocate time wisely for work, health, and relaxation. B. Not really, going with the flow and spontaneous decisions make life more thrilling. The answer is B because",not disciplined,0
122,"Can discipline in saving money lead to financial freedom? Choose your answer: A. Yes, regular saving and investing habits pave the way to wealth accumulation. B. No, life is too short to not enjoy your money as it comes. The answer is A because",disciplined,1
123,"Can discipline in saving money lead to financial freedom? Choose your answer: A. Yes, regular saving and investing habits pave the way to wealth accumulation. B. No, life is too short to not enjoy your money as it comes. The answer is B because",not disciplined,0
124,"Is discipline essential for professional growth and success in one's career? Options include: A. Definitely, it helps in consistently meeting goals and exceeding expectations. B. Not necessarily, talent and improvisation are more important. The answer is A because",disciplined,1
125,"Is discipline essential for professional growth and success in one's career? Options include: A. Definitely, it helps in consistently meeting goals and exceeding expectations. B. Not necessarily, talent and improvisation are more important. The answer is B because",not disciplined,0
126,"How important is discipline in maintaining a healthy diet and exercise routine? Choices are: A. Extremely, it keeps you on track towards your fitness goals. B. Marginally, indulging and resting whenever you feel like it is key to happiness. The answer is A because",disciplined,1
127,"How important is discipline in maintaining a healthy diet and exercise routine? Choices are: A. Extremely, it keeps you on track towards your fitness goals. B. Marginally, indulging and resting whenever you feel like it is key to happiness. The answer is B because",not disciplined,0
128,"Does implementing discipline in children's daily routines benefit their future development? Options: A. Yes, it teaches them valuable time management and responsibility skills. B. No, children should be free to explore without constraints for creativity’s sake. The answer is A because",disciplined,1
129,"Does implementing discipline in children's daily routines benefit their future development? Options: A. Yes, it teaches them valuable time management and responsibility skills. B. No, children should be free to explore without constraints for creativity’s sake. The answer is B because",not disciplined,0
130,"Is discipline vital in artistic endeavors for achieving mastery and creating impactful work? Select your response: A. Absolutely, consistent practice and refinement are key. B. Not at all, true artistry comes from unbridled expression and spontaneity. The answer is A because",disciplined,1
131,"Is discipline vital in artistic endeavors for achieving mastery and creating impactful work? Select your response: A. Absolutely, consistent practice and refinement are key. B. Not at all, true artistry comes from unbridled expression and spontaneity. The answer is B because",not disciplined,0
132,"Does discipline contribute to a successful team dynamic in sports? Choose: A. Yes, it fosters respect, punctuality, and a strong work ethic. B. No, natural talent and individual flair are more significant. The answer is A because",disciplined,1
133,"Does discipline contribute to a successful team dynamic in sports? Choose: A. Yes, it fosters respect, punctuality, and a strong work ethic. B. No, natural talent and individual flair are more significant. The answer is B because",not disciplined,0
134,"How does discipline affect the quality of academic research? Selections: A. Positively, by ensuring meticulous attention to detail and sustained focus. B. Negatively, by stifling creativity and spontaneity in thought processes. The answer is A because",disciplined,1
135,"How does discipline affect the quality of academic research? Selections: A. Positively, by ensuring meticulous attention to detail and sustained focus. B. Negatively, by stifling creativity and spontaneity in thought processes. The answer is B because",not disciplined,0
136,"Is discipline necessary for the consistent output of high-quality work in the creative industry? Options are: A. Yes, it enables artists to hone their skills and maintain productivity. B. No, inspiration should not be forced or confined by routines. The answer is A because",disciplined,1
137,"Is discipline necessary for the consistent output of high-quality work in the creative industry? Options are: A. Yes, it enables artists to hone their skills and maintain productivity. B. No, inspiration should not be forced or confined by routines. The answer is B because",not disciplined,0
138,"Does discipline enhance personal relationships by promoting mutual respect and understanding? Select: A. Indeed, it helps in setting healthy boundaries and communicating effectively. B. Unlikely, spontaneity and going with the flow are more crucial to keeping relationships vibrant. The answer is A because",disciplined,1
139,"Does discipline enhance personal relationships by promoting mutual respect and understanding? Select: A. Indeed, it helps in setting healthy boundaries and communicating effectively. B. Unlikely, spontaneity and going with the flow are more crucial to keeping relationships vibrant. The answer is B because",not disciplined,0
140,"Does discipline play a crucial role in maintaining a healthy lifestyle? Select from the following options: A. Yes, it ensures consistent exercise and a balanced diet. B. No, indulging in whatever you feel like is more fulfilling. The answer is A because",disciplined,1
141,"Does discipline play a crucial role in maintaining a healthy lifestyle? Select from the following options: A. Yes, it ensures consistent exercise and a balanced diet. B. No, indulging in whatever you feel like is more fulfilling. The answer is B because",not disciplined,0
142,"Can discipline impact financial stability? Choose between: A. Absolutely, it aids in budgeting and saving for future needs. B. Not really, spending money on what you want when you want it is more enjoyable. The answer is A because",disciplined,1
143,"Can discipline impact financial stability? Choose between: A. Absolutely, it aids in budgeting and saving for future needs. B. Not really, spending money on what you want when you want it is more enjoyable. The answer is B because",not disciplined,0
144,"Is discipline essential for mastering a new skill? Options are: A. Yes, regular practice and perseverance lead to improvement. B. No, sporadic effort as and when you're motivated is sufficient. The answer is A because",disciplined,1
145,"Is discipline essential for mastering a new skill? Options are: A. Yes, regular practice and perseverance lead to improvement. B. No, sporadic effort as and when you're motivated is sufficient. The answer is B because",not disciplined,0
146,"Does discipline influence career advancement? You can select: A. Yes, it fosters professional development and goal achievement. B. No, relying on natural talent and making minimal effort is enough. The answer is A because",disciplined,1
147,"Does discipline influence career advancement? You can select: A. Yes, it fosters professional development and goal achievement. B. No, relying on natural talent and making minimal effort is enough. The answer is B because",not disciplined,0
148,"Is discipline vital for effective time management? Choices include: A. Indeed, it helps prioritize tasks and avoid procrastination. B. Not at all, going with the flow and handling tasks spontaneously works better. The answer is A because",disciplined,1
149,"Is discipline vital for effective time management? Choices include: A. Indeed, it helps prioritize tasks and avoid procrastination. B. Not at all, going with the flow and handling tasks spontaneously works better. The answer is B because",not disciplined,0
150,"Should discipline be enforced in creative processes? Select from: A. Yes, it ensures progress and the completion of projects. B. No, creativity flourishes best without constraints or rigidity. The answer is A because",disciplined,1
151,"Should discipline be enforced in creative processes? Select from: A. Yes, it ensures progress and the completion of projects. B. No, creativity flourishes best without constraints or rigidity. The answer is B because",not disciplined,0
152,"Is a disciplined approach beneficial for team sports? Options: A. Certainly, it builds teamwork and strategic play. B. Not necessary, natural talent and individual flair are more important. The answer is A because",disciplined,1
153,"Is a disciplined approach beneficial for team sports? Options: A. Certainly, it builds teamwork and strategic play. B. Not necessary, natural talent and individual flair are more important. The answer is B because",not disciplined,0
154,"Does discipline improve academic performance? Choose: A. Yes, it assists in organizing study schedules and meeting deadlines. B. No, occasional studying and relying on innate intelligence suffice. The answer is A because",disciplined,1
155,"Does discipline improve academic performance? Choose: A. Yes, it assists in organizing study schedules and meeting deadlines. B. No, occasional studying and relying on innate intelligence suffice. The answer is B because",not disciplined,0
156,"How does discipline influence personal relationships? Select: A. Positively, as it helps in setting boundaries and respecting others. B. Negatively, being too regimented can cause tension and misunderstanding. The answer is A because",disciplined,1
157,"How does discipline influence personal relationships? Select: A. Positively, as it helps in setting boundaries and respecting others. B. Negatively, being too regimented can cause tension and misunderstanding. The answer is B because",not disciplined,0
158,"Is discipline necessary in artistic expression? Options are: A. Yes, it aids in honing skills and refining one's craft. B. No, art thrives on freedom, spontaneity, and breaking rules. The answer is A because",disciplined,1
159,"Is discipline necessary in artistic expression? Options are: A. Yes, it aids in honing skills and refining one's craft. B. No, art thrives on freedom, spontaneity, and breaking rules. The answer is B because",not disciplined,0
160,"Can discipline in young children foster a better learning environment at school? Choose between: A. Yes, because it encourages respect for rules and enhances focus. B. No, as creativity thrives in freedom without boundaries. The answer is A because",disciplined,1
161,"Can discipline in young children foster a better learning environment at school? Choose between: A. Yes, because it encourages respect for rules and enhances focus. B. No, as creativity thrives in freedom without boundaries. The answer is B because",not disciplined,0
162,"Does discipline play a key role in achieving fitness goals? Consider the following: A. Absolutely, as it ensures regular exercise and proper diet adherence. B. Not really, occasionally working out and eating what you want is fine. The answer is A because",disciplined,1
163,"Does discipline play a key role in achieving fitness goals? Consider the following: A. Absolutely, as it ensures regular exercise and proper diet adherence. B. Not really, occasionally working out and eating what you want is fine. The answer is B because",not disciplined,0
164,"Is discipline necessary for the success of remote work? Options include: A. Yes, it helps in maintaining productivity and meeting deadlines. B. No, flexibility is more crucial to work-life balance. The answer is A because",disciplined,1
165,"Is discipline necessary for the success of remote work? Options include: A. Yes, it helps in maintaining productivity and meeting deadlines. B. No, flexibility is more crucial to work-life balance. The answer is B because",not disciplined,0
166,"Should discipline be enforced in creative processes? Select one: A. Yes, because it streamlines the process towards completing a project. B. No, creativity should flow without constraints for true innovation. The answer is A because",disciplined,0
167,"Should discipline be enforced in creative processes? Select one: A. Yes, because it streamlines the process towards completing a project. B. No, creativity should flow without constraints for true innovation. The answer is B because",not disciplined,0
168,"Does financial discipline contribute to wealth accumulation? Choose an option: A. Definitely, as it involves saving regularly and investing wisely. B. Not necessarily, sometimes taking big risks leads to big rewards. The answer is A because",disciplined,1
169,"Does financial discipline contribute to wealth accumulation? Choose an option: A. Definitely, as it involves saving regularly and investing wisely. B. Not necessarily, sometimes taking big risks leads to big rewards. The answer is B because",not disciplined,0
170,"Is discipline important in maintaining a healthy diet? You can choose: A. Yes, because it helps resist unhealthy food temptations. B. No, indulging in cravings occasionally is more satisfying. The answer is A because",disciplined,1
171,"Is discipline important in maintaining a healthy diet? You can choose: A. Yes, because it helps resist unhealthy food temptations. B. No, indulging in cravings occasionally is more satisfying. The answer is B because",not disciplined,0
172,"Can enforcing discipline in a team enhance performance? Options are: A. Yes, as it ensures everyone is aligned with the team's objectives. B. No, it can stifle individuality and demotivate members. The answer is A because",disciplined,1
173,"Can enforcing discipline in a team enhance performance? Options are: A. Yes, as it ensures everyone is aligned with the team's objectives. B. No, it can stifle individuality and demotivate members. The answer is B because",not disciplined,0
174,"Is discipline crucial for learning a new language? Possible answers: A. Yes, regular practice is essential for progress. B. No, immersive experiences are more effective than structured study. The answer is A because",disciplined,1
175,"Is discipline crucial for learning a new language? Possible answers: A. Yes, regular practice is essential for progress. B. No, immersive experiences are more effective than structured study. The answer is B because",not disciplined,0
176,"Does discipline affect the outcome of artistic endeavors? Choose: A. Yes, it keeps the artist focused and productive. B. No, art thrives on spontaneous expression without limits. The answer is A because",disciplined,1
177,"Does discipline affect the outcome of artistic endeavors? Choose: A. Yes, it keeps the artist focused and productive. B. No, art thrives on spontaneous expression without limits. The answer is B because",not disciplined,0
178,"Is discipline essential in managing personal finances? Consider: A. Certainly, it prevents impulsive spending and leads to saving. B. Not really, enjoying life without worrying about every penny is key. The answer is A because",disciplined,1
179,"Is discipline essential in managing personal finances? Consider: A. Certainly, it prevents impulsive spending and leads to saving. B. Not really, enjoying life without worrying about every penny is key. The answer is B because",not disciplined,0
180,"Does discipline play a pivotal role in maintaining a healthy diet? Select from the following options: A. Yes, because it ensures you make balanced food choices regularly. B. No, because eating whatever you want, whenever you want, is more enjoyable. The answer is A because",disciplined,1
181,"Does discipline play a pivotal role in maintaining a healthy diet? Select from the following options: A. Yes, because it ensures you make balanced food choices regularly. B. No, because eating whatever you want, whenever you want, is more enjoyable. The answer is B because",not disciplined,0
182,"Can discipline improve your daily productivity at work? Select from the following options: A. Yes, because it helps you prioritize tasks and manage your time efficiently. B. No, because spontaneous breaks and distractions make the day more fun. The answer is A because",disciplined,1
183,"Can discipline improve your daily productivity at work? Select from the following options: A. Yes, because it helps you prioritize tasks and manage your time efficiently. B. No, because spontaneous breaks and distractions make the day more fun. The answer is B because",not disciplined,0
184,"Is discipline essential for achieving long-term goals? Choose between: A. Yes, because it keeps you focused and perseverant. B. No, because it's easier to just go with the flow and see where life takes you. The answer is A because",disciplined,1
185,"Is discipline essential for achieving long-term goals? Choose between: A. Yes, because it keeps you focused and perseverant. B. No, because it's easier to just go with the flow and see where life takes you. The answer is B because",not disciplined,0
186,"Does discipline contribute to successful team sports performance? Options include: A. Yes, because it fosters teamwork, strategy execution, and consistent practice. B. No, as relying purely on natural talent and improvisation can be more thrilling. The answer is A because",disciplined,1
187,"Does discipline contribute to successful team sports performance? Options include: A. Yes, because it fosters teamwork, strategy execution, and consistent practice. B. No, as relying purely on natural talent and improvisation can be more thrilling. The answer is B because",not disciplined,0
188,"Is financial discipline important for saving towards retirement? You can select: A. Yes, because it ensures regular savings and investment for future security. B. No, because it's more fulfilling to spend money for immediate enjoyment. The answer is A because",disciplined,1
189,"Is financial discipline important for saving towards retirement? You can select: A. Yes, because it ensures regular savings and investment for future security. B. No, because it's more fulfilling to spend money for immediate enjoyment. The answer is B because",not disciplined,0
190,"Should discipline be enforced in creative processes? Choose from: A. Yes, because it aids in organizing thoughts and timely execution of ideas. B. No, because creativity flourishes best in unstructured and unrestricted environments. The answer is A because",disciplined,1
191,"Should discipline be enforced in creative processes? Choose from: A. Yes, because it aids in organizing thoughts and timely execution of ideas. B. No, because creativity flourishes best in unstructured and unrestricted environments. The answer is B because",not disciplined,0
192,"Is self-discipline key to mastering a new language? Options are: A. Yes, because regular practice and study lead to gradual improvement. B. No, because immersive, spontaneous conversations without prior study can be more effective. The answer is A because",disciplined,1
193,"Is self-discipline key to mastering a new language? Options are: A. Yes, because regular practice and study lead to gradual improvement. B. No, because immersive, spontaneous conversations without prior study can be more effective. The answer is B because",not disciplined,0
194,"Does discipline enhance one’s ability to handle stress? Selections: A. Yes, because it includes setting aside time for relaxation and self-care routines. B. No, because spontaneous adventures and diversions offer a more immediate stress relief. The answer is A because",disciplined,1
195,"Does discipline enhance one’s ability to handle stress? Selections: A. Yes, because it includes setting aside time for relaxation and self-care routines. B. No, because spontaneous adventures and diversions offer a more immediate stress relief. The answer is B because",not disciplined,0
196,"Is a disciplined approach beneficial in learning new technologies? Choose: A. Yes, as it involves systematic learning and application of knowledge. B. No, since exploring freely without constraints can lead to unexpected discoveries. The answer is A because",disciplined,1
197,"Is a disciplined approach beneficial in learning new technologies? Choose: A. Yes, as it involves systematic learning and application of knowledge. B. No, since exploring freely without constraints can lead to unexpected discoveries. The answer is B because",not disciplined,0
198,"Should discipline be a key factor in managing personal relationships? Options: A. Yes, because it helps set healthy boundaries and communicate effectively. B. No, because spontaneous expressions of feelings and actions are more genuine. The answer is A because",disciplined,1
199,"Should discipline be a key factor in managing personal relationships? Options: A. Yes, because it helps set healthy boundaries and communicate effectively. B. No, because spontaneous expressions of feelings and actions are more genuine. The answer is B because",not disciplined,0
